rivnumb,rivalry,rivala,rivalb,beginr,endr,totdisp,rivtyp2,rivtypold
1,2020,2,20,19740914,19970528,7,RIVALRY,ENDURING
4,2040,2,40,19590114,19960224,17,RIVALRY,ENDURING
10002,2040,2,40,19120815,19340131,3,RIVALRY,PROTO
8,2041,2,41,19630428,19630603,1,ISOLATED,ISOLATED
9,2041,2,41,19931018,19940929,2,ISOLATED,ISOLATED
10005,2041,2,41,18691101,19150909,8,RIVALRY,ENDURING
10,2042,2,42,19000101,19170529,4,RIVALRY,PROTO
11,2042,2,42,19591217,19611125,2,ISOLATED,ISOLATED
12,2055,2,55,19831021,19831101,1,ISOLATED,ISOLATED
13,2070,2,70,18360404,18930931,17,RIVALRY,ENDURING
14,2070,2,70,19110125,19200225,7,RIVALRY,PROTO
15,2070,2,70,19561112,19561112,1,ISOLATED,ISOLATED
16,2090,2,90,18850310,18850331,1,ISOLATED,ISOLATED
17,2090,2,90,19110102,19110310,1,ISOLATED,ISOLATED
18,2090,2,90,19581229,19581229,1,ISOLATED,ISOLATED
20,2091,2,91,19290407,19290407,1,ISOLATED,ISOLATED
21,2092,2,92,19210501,19210531,1,ISOLATED,ISOLATED
24,2093,2,93,19540801,19540801,1,ISOLATED,ISOLATED
25,2093,2,93,19820317,19880331,3,RIVALRY,PROTO
10022,2093,2,93,19090103,19260923,3,RIVALRY,PROTO
26,2095,2,95,19210228,19210909,1,ISOLATED,ISOLATED
27,2095,2,95,19760505,19760506,1,ISOLATED,ISOLATED
28,2095,2,95,19870924,19891222,2,ISOLATED,ISOLATED
29,2100,2,100,18340201,18340831,1,ISOLATED,ISOLATED
30,2100,2,100,18560625,18561011,1,ISOLATED,ISOLATED
31,2100,2,100,18960403,19040125,2,ISOLATED,ISOLATED
32,2101,2,101,20001021,20001021,2,ISOLATED,ISOLATED
33,2130,2,130,19520801,19810120,8,RIVALRY,ENDURING
34,2135,2,135,18520501,18580531,2,ISOLATED,ISOLATED
35,2135,2,135,19550129,19920424,6,RIVALRY,ENDURING
36,2140,2,140,18661103,18680831,2,ISOLATED,ISOLATED
37,2140,2,140,19030204,19030204,1,ISOLATED,ISOLATED
38,2155,2,155,18570820,18570931,1,ISOLATED,ISOLATED
39,2155,2,155,18830122,18920125,2,ISOLATED,ISOLATED
40,2155,2,155,19571213,19571218,1,ISOLATED,ISOLATED
41,2200,2,200,18371229,18611226,8,RIVALRY,ENDURING
42,2200,2,200,18810101,18810131,1,ISOLATED,ISOLATED
43,2200,2,200,19020701,19031020,3,RIVALRY,PROTO
44,2200,2,200,19391214,19401103,1,ISOLATED,ISOLATED
45,2220,2,220,18351101,18351231,1,ISOLATED,ISOLATED
46,2220,2,220,18601220,18660212,2,ISOLATED,ISOLATED
47,2220,2,220,18950211,18950311,1,ISOLATED,ISOLATED
48,2225,2,225,19541004,19590320,2,ISOLATED,ISOLATED
49,2230,2,230,18160727,18250331,8,RIVALRY,PROTO
10050,2230,2,230,18500601,18980812,13,RIVALRY,ENDURING
53,2255,2,255,18870601,18890316,2,ISOLATED,ISOLATED
54,2255,2,255,19021208,19030219,1,ISOLATED,ISOLATED
55,2255,2,255,19150210,19181111,4,RIVALRY,PROTO
56,2255,2,255,19391024,19450507,4,RIVALRY,PROTO
57,2265,2,265,19580608,19611028,2,ISOLATED,ISOLATED
59,2290,2,290,19611018,19611028,1,ISOLATED,ISOLATED
60,2300,2,300,18530702,18530702,1,ISOLATED,ISOLATED
61,2300,2,300,19170417,19181103,1,ISOLATED,ISOLATED
62,2305,2,305,19601008,19601008,1,ISOLATED,ISOLATED
10063,2310,2,310,19410313,19450120,2,ISOLATED,ISOLATED
10064,2310,2,310,19510416,19511124,1,ISOLATED,ISOLATED
64,2315,2,315,19530310,19611028,3,RIVALRY,PROTO
65,2315,2,315,19850929,19850929,1,ISOLATED,ISOLATED
66,2325,2,325,19021216,19030219,1,ISOLATED,ISOLATED
67,2325,2,325,19411207,19431025,2,ISOLATED,ISOLATED
68,2339,2,339,19580107,19580110,1,ISOLATED,ISOLATED
69,2345,2,345,19460809,19460831,1,ISOLATED,ISOLATED
70,2345,2,345,19920716,20001128,12,RIVALRY,PROTO
71,2350,2,350,19830520,19840310,1,ISOLATED,ISOLATED
72,2355,2,355,19170417,19180929,1,ISOLATED,ISOLATED
10073,2355,2,355,19410601,19440808,2,ISOLATED,ISOLATED
10074,2360,2,360,19401213,19511124,3,RIVALRY,PROTO
10075,2360,2,360,19510416,19511124,1,ISOLATED,ISOLATED
76,2365,2,365,19180112,19201001,3,RIVALRY,PROTO
77,2365,2,365,19460415,20001231,59,RIVALRY,ENDURING
79,2380,2,380,19170201,19170531,1,ISOLATED,ISOLATED
80,2438,2,438,19661030,19661031,1,ISOLATED,ISOLATED
81,2450,2,450,19980900,19981130,2,ISOLATED,ISOLATED
82,2600,2,600,19040531,19040628,1,ISOLATED,ISOLATED
83,2620,2,620,19730321,19960402,15,RIVALRY,ENDURING
84,2625,2,625,19980820,19980820,2,ISOLATED,ISOLATED
85,2630,2,630,19791104,19971003,11,RIVALRY,PROTO
86,2640,2,640,19170417,19181111,1,ISOLATED,ISOLATED
87,2645,2,645,19580715,19581024,1,ISOLATED,ISOLATED
88,2645,2,645,19700611,19700926,1,ISOLATED,ISOLATED
89,2645,2,645,19870517,20011010,18,RIVALRY,PROTO
90,2651,2,651,19560419,19680213,7,RIVALRY,PROTO
91,2652,2,652,19570425,19571119,1,ISOLATED,ISOLATED
92,2652,2,652,19700916,19960630,5,RIVALRY,PROTO
93,2663,2,663,19900809,19910303,1,ISOLATED,ISOLATED
94,2666,2,666,19760831,19760906,1,ISOLATED,ISOLATED
95,2678,2,678,19621111,19621215,1,ISOLATED,ISOLATED
96,2680,2,680,19821203,19821207,1,ISOLATED,ISOLATED
97,2700,2,700,19980820,20011115,4,RIVALRY,PROTO
98,2710,2,710,18700822,18701005,1,ISOLATED,ISOLATED
99,2710,2,710,19000530,19060306,2,ISOLATED,ISOLATED
100,2710,2,710,19260315,19270328,2,ISOLATED,ISOLATED
10101,2710,2,710,19491001,20010817,36,RIVALRY,ENDURING
103,2713,2,713,19491002,19500227,1,ISOLATED,ISOLATED
104,2731,2,731,19500627,20000323,28,RIVALRY,ENDURING
105,2740,2,740,18630720,18640914,2,ISOLATED,ISOLATED
106,2740,2,740,18851001,18851131,1,ISOLATED,ISOLATED
107,2740,2,740,19081015,19081025,1,ISOLATED,ISOLATED
108,2740,2,740,19320131,19450814,4,RIVALRY,PROTO
109,2811,2,811,19640319,19750515,5,ISOLATED,ISOLATED
110,2816,2,816,19610101,19730127,4,RIVALRY,PROTO
111,20041,20,41,19630428,19630603,1,ISOLATED,ISOLATED
112,20041,20,41,19931018,19940929,2,ISOLATED,ISOLATED
113,20092,20,92,19320222,19320225,1,ISOLATED,ISOLATED
115,20220,20,220,19870317,19880506,2,ISOLATED,ISOLATED
117,20230,20,230,19950307,19950416,2,ISOLATED,ISOLATED
118,20255,20,255,19390910,19450507,1,ISOLATED,ISOLATED
121,20345,20,345,19980611,20001128,8,RIVALRY,PROTO
122,20355,20,355,19411213,19440826,1,ISOLATED,ISOLATED
124,20365,20,365,19200101,19201001,1,ISOLATED,ISOLATED
126,20365,20,365,19800313,19800319,1,ISOLATED,ISOLATED
127,20365,20,365,19990408,20001231,4,RIVALRY,PROTO
129,20645,20,645,19900810,19910303,1,ISOLATED,ISOLATED
131,20700,20,700,20011007,20011115,2,ISOLATED,ISOLATED
132,20710,20,710,19500930,19530727,1,ISOLATED,ISOLATED
133,20731,20,731,19500629,19530727,1,ISOLATED,ISOLATED
134,20731,20,731,19940610,19940617,2,ISOLATED,ISOLATED
135,20740,20,740,19411207,19450814,1,ISOLATED,ISOLATED
137,40042,40,42,19590623,19590724,1,ISOLATED,ISOLATED
138,40051,40,51,19831023,19831101,1,ISOLATED,ISOLATED
139,40053,40,53,19831023,19831101,1,ISOLATED,ISOLATED
140,40054,40,54,19831023,19831101,1,ISOLATED,ISOLATED
141,40056,40,56,19831023,19831101,1,ISOLATED,ISOLATED
142,40057,40,57,19831023,19831101,1,ISOLATED,ISOLATED
143,40058,40,58,19831023,19831101,1,ISOLATED,ISOLATED
144,40101,40,101,19670508,19681219,2,ISOLATED,ISOLATED
145,40220,40,220,19770415,19770526,1,ISOLATED,ISOLATED
146,40255,40,255,19170404,19181111,1,ISOLATED,ISOLATED
147,40255,40,255,19411211,19421209,3,ISOLATED,ISOLATED
148,40325,40,325,19411211,19420611,1,ISOLATED,ISOLATED
149,40482,40,482,19770513,19770525,1,ISOLATED,ISOLATED
150,40490,40,490,19751224,19780120,2,ISOLATED,ISOLATED
151,40520,40,520,19770728,19780314,1,ISOLATED,ISOLATED
152,40551,40,551,19760128,19760931,1,ISOLATED,ISOLATED
153,40560,40,560,19750801,19880830,1,ISOLATED,ISOLATED
154,40600,40,600,19770416,19800713,2,ISOLATED,ISOLATED
155,40651,40,651,19770428,19770525,1,ISOLATED,ISOLATED
156,40740,40,740,19411209,19420609,1,ISOLATED,ISOLATED
157,41042,41,42,19010201,19120701,2,ISOLATED,ISOLATED
158,41042,41,42,19490216,19500131,2,ISOLATED,ISOLATED
159,41042,41,42,19630426,19630603,1,ISOLATED,ISOLATED
160,41042,41,42,19860131,19940929,4,RIVALRY,PROTO
161,41160,41,160,19931018,19940929,2,ISOLATED,ISOLATED
162,41200,41,200,18830701,18870430,3,RIVALRY,PROTO
163,41200,41,200,19630428,19630603,1,ISOLATED,ISOLATED
164,41200,41,200,19931020,19940929,2,ISOLATED,ISOLATED
165,41210,41,210,19931020,19940929,2,ISOLATED,ISOLATED
166,41220,41,220,19931018,19940929,2,ISOLATED,ISOLATED
170,41255,41,255,19411212,19420624,1,ISOLATED,ISOLATED
10167,41255,41,255,18720611,19110803,4,RIVALRY,PROTO
171,41310,41,310,19411224,19420624,1,ISOLATED,ISOLATED
172,41325,41,325,19411212,19420612,1,ISOLATED,ISOLATED
173,41355,41,355,19411224,19420624,1,ISOLATED,ISOLATED
174,41360,41,360,19411224,19420802,2,ISOLATED,ISOLATED
175,41740,41,740,19411208,19420608,1,ISOLATED,ISOLATED
176,42101,42,101,19590701,19590724,1,ISOLATED,ISOLATED
177,42220,42,220,18950110,19000209,2,ISOLATED,ISOLATED
178,42255,42,255,19411211,19420611,1,ISOLATED,ISOLATED
179,42325,42,325,19411211,19420611,1,ISOLATED,ISOLATED
180,42740,42,740,19411208,19420608,1,ISOLATED,ISOLATED
181,51055,51,55,19831025,19831101,1,ISOLATED,ISOLATED
182,52101,52,101,19961030,19990831,6,RIVALRY,PROTO
183,53055,53,55,19831025,19831101,1,ISOLATED,ISOLATED
184,54055,54,55,19831025,19831101,1,ISOLATED,ISOLATED
185,55056,55,56,19831025,19831101,1,ISOLATED,ISOLATED
186,55057,55,57,19831025,19831101,1,ISOLATED,ISOLATED
187,55058,55,58,19831025,19831101,1,ISOLATED,ISOLATED
188,70090,70,90,18850301,18850331,1,ISOLATED,ISOLATED
189,70090,70,90,19581229,19590129,1,ISOLATED,ISOLATED
190,70090,70,90,19820802,19840430,2,ISOLATED,ISOLATED
191,70093,70,93,19090314,19090525,1,ISOLATED,ISOLATED
192,70200,70,200,18611031,18620408,1,ISOLATED,ISOLATED
193,70200,70,200,19131120,19160504,2,ISOLATED,ISOLATED
10194,70220,70,220,18380321,18670205,2,ISOLATED,ISOLATED
196,70230,70,230,18611031,18620408,1,ISOLATED,ISOLATED
197,70230,70,230,19131129,19131226,1,ISOLATED,ISOLATED
198,70255,70,255,19131014,19131206,1,ISOLATED,ISOLATED
199,70255,70,255,19391219,19421122,3,ISOLATED,ISOLATED
200,70325,70,325,19420522,19421122,2,ISOLATED,ISOLATED
201,70740,70,740,19420522,19421122,1,ISOLATED,ISOLATED
202,80090,80,90,19931015,20010513,10,RIVALRY,PROTO
10203,90091,90,91,19060713,19070630,2,ISOLATED,ISOLATED
11203,90091,90,91,19170219,19280214,2,ISOLATED,ISOLATED
206,90092,90,92,19350828,19350931,1,ISOLATED,ISOLATED
207,90092,90,92,19701115,19701116,1,ISOLATED,ISOLATED
100204,90092,90,92,18760201,19060720,4,RIVALRY,PROTO
208,90093,90,93,19060528,19060631,1,ISOLATED,ISOLATED
209,90200,90,200,19130510,19130514,1,ISOLATED,ISOLATED
210,90200,90,200,19720127,19770719,3,RIVALRY,PROTO
211,90230,90,230,18900727,18900825,1,ISOLATED,ISOLATED
212,90255,90,255,19180423,19181111,1,ISOLATED,ISOLATED
213,90255,90,255,19411211,19420611,1,ISOLATED,ISOLATED
214,90325,90,325,19411211,19420611,1,ISOLATED,ISOLATED
215,90740,90,740,19411209,19420609,1,ISOLATED,ISOLATED
218,91092,91,92,19690624,19930220,6,RIVALRY,ENDURING
10216,91092,91,92,19200301,19200514,1,ISOLATED,ISOLATED
219,91093,91,93,19070105,19290709,6,RIVALRY,ENDURING
10220,91093,91,93,19570419,20010331,22,RIVALRY,ENDURING
222,91200,91,200,19110116,19110310,1,ISOLATED,ISOLATED
223,91255,91,255,19180519,19181111,1,ISOLATED,ISOLATED
224,91255,91,255,19411213,19420613,2,ISOLATED,ISOLATED
225,91325,91,325,19411213,19420613,1,ISOLATED,ISOLATED
226,91740,91,740,19411208,19420608,1,ISOLATED,ISOLATED
227,92093,92,93,19070312,19090525,3,RIVALRY,PROTO
228,92093,92,93,19970307,19970331,2,ISOLATED,ISOLATED
229,92255,92,255,19411212,19420612,1,ISOLATED,ISOLATED
230,92325,92,325,18760301,18760316,1,ISOLATED,ISOLATED
231,92325,92,325,19411212,19420612,1,ISOLATED,ISOLATED
232,92740,92,740,19411208,19420608,1,ISOLATED,ISOLATED
233,93094,93,94,19480419,19570623,4,RIVALRY,PROTO
234,93094,93,94,19771013,19980831,10,RIVALRY,PROTO
235,93100,93,100,19131224,19140131,1,ISOLATED,ISOLATED
236,93100,93,100,19800207,19800207,1,ISOLATED,ISOLATED
237,93100,93,100,19940400,20011130,4,RIVALRY,PROTO
238,93255,93,255,19180508,19181111,1,ISOLATED,ISOLATED
239,93255,93,255,19411211,19420611,1,ISOLATED,ISOLATED
240,93300,93,300,19180508,19181111,1,ISOLATED,ISOLATED
241,93310,93,310,19411219,19420619,2,ISOLATED,ISOLATED
242,93325,93,325,19411211,19420611,1,ISOLATED,ISOLATED
243,93355,93,355,19411219,19420619,2,ISOLATED,ISOLATED
244,93360,93,360,19411219,19420619,2,ISOLATED,ISOLATED
245,93740,93,740,19411208,19420608,1,ISOLATED,ISOLATED
246,94095,94,95,19210221,19210909,1,ISOLATED,ISOLATED
247,94095,94,95,19880909,19881011,1,ISOLATED,ISOLATED
248,94255,94,255,19411211,19420611,1,ISOLATED,ISOLATED
249,94325,94,325,19411211,19420611,1,ISOLATED,ISOLATED
250,94740,94,740,19411208,19420608,1,ISOLATED,ISOLATED
251,95255,95,255,19400714,19431211,4,ISOLATED,ISOLATED
10252,95325,95,325,19370814,19370814,1,ISOLATED,ISOLATED
10253,95325,95,325,19400919,19420612,2,ISOLATED,ISOLATED
254,95645,95,645,19840419,19880131,4,ISOLATED,ISOLATED
255,95740,95,740,19411207,19420607,1,ISOLATED,ISOLATED
256,100101,100,101,19000917,19021125,2,ISOLATED,ISOLATED
257,100101,100,101,19820713,20001123,12,RIVALRY,PROTO
258,100130,100,130,18571101,18631206,3,RIVALRY,PROTO
259,100130,100,130,19321114,19321114,1,ISOLATED,ISOLATED
260,100135,100,135,18520301,18521131,2,ISOLATED,ISOLATED
10261,100135,100,135,18990401,19340519,7,RIVALRY,ENDURING
263,100140,100,140,19320909,19330525,1,ISOLATED,ISOLATED
10265,100200,100,200,18360120,18570131,3,RIVALRY,PROTO
267,100220,100,220,18330903,18331211,1,ISOLATED,ISOLATED
268,100255,100,255,19431126,19440526,3,ISOLATED,ISOLATED
10269,100325,100,325,18850701,18980814,3,RIVALRY,PROTO
271,100710,100,710,19510606,19530727,1,ISOLATED,ISOLATED
272,100731,100,731,19510606,19530727,1,ISOLATED,ISOLATED
10273,101110,101,110,19661014,19991009,8,RIVALRY,ENDURING
276,101155,101,155,18521001,18521131,1,ISOLATED,ISOLATED
277,101200,101,200,18580501,18590531,2,ISOLATED,ISOLATED
280,101200,101,200,19820430,19820430,1,ISOLATED,ISOLATED
10278,101200,101,200,18810101,19030219,4,RIVALRY,PROTO
281,101210,101,210,18490501,18690231,4,RIVALRY,PROTO
282,101210,101,210,19080801,19081223,1,ISOLATED,ISOLATED
283,101220,101,220,18580501,18580827,1,ISOLATED,ISOLATED
284,101220,101,220,19051001,19051231,1,ISOLATED,ISOLATED
285,101255,101,255,19021207,19030219,1,ISOLATED,ISOLATED
286,101255,101,255,19420224,19450208,2,ISOLATED,ISOLATED
287,101325,101,325,19021216,19030219,1,ISOLATED,ISOLATED
288,101365,101,365,19680617,19680617,1,ISOLATED,ISOLATED
289,101740,101,740,19450208,19450208,1,ISOLATED,ISOLATED
10290,110115,110,115,19760401,20000930,6,RIVALRY,ENDURING
292,110140,110,140,19751101,19760731,1,ISOLATED,ISOLATED
293,130135,130,135,18580501,18600125,1,ISOLATED,ISOLATED
294,130135,130,135,18910801,19550927,21,RIVALRY,ENDURING
295,130135,130,135,19770621,19980813,12,RIVALRY,ENDURING
296,130230,130,230,18660227,18660227,1,ISOLATED,ISOLATED
297,135140,135,140,19021021,19040712,1,ISOLATED,ISOLATED
298,135140,135,140,19180801,19180831,1,ISOLATED,ISOLATED
299,135140,135,140,19320909,19330525,1,ISOLATED,ISOLATED
300,135145,135,145,18750301,18751031,1,ISOLATED,ISOLATED
301,135145,135,145,19060601,19110330,2,ISOLATED,ISOLATED
304,135155,135,155,19760911,19770831,3,RIVALRY,PROTO
10302,135155,135,155,18520602,19211213,8,RIVALRY,ENDURING
305,135230,135,230,18461107,18470206,1,ISOLATED,ISOLATED
306,135230,135,230,18590401,18660509,4,RIVALRY,PROTO
307,135255,135,255,19450212,19450807,1,ISOLATED,ISOLATED
308,135740,135,740,19450212,19450812,1,ISOLATED,ISOLATED
309,140145,140,145,19020619,19030431,1,ISOLATED,ISOLATED
310,140145,140,145,19281031,19281031,1,ISOLATED,ISOLATED
311,140150,140,150,18500901,18700301,5,RIVALRY,PROTO
312,140150,140,150,19281031,19300510,2,ISOLATED,ISOLATED
313,140160,140,160,18510401,18520203,1,ISOLATED,ISOLATED
314,140160,140,160,18720322,18751230,3,RIVALRY,PROTO
315,140160,140,160,19830119,19830119,1,ISOLATED,ISOLATED
316,140200,140,200,18261030,18261030,1,ISOLATED,ISOLATED
317,140200,140,200,18380801,18630105,6,RIVALRY,ENDURING
318,140200,140,200,18950101,18950731,1,ISOLATED,ISOLATED
319,140200,140,200,19401203,19401216,1,ISOLATED,ISOLATED
320,140220,140,220,18260706,18260706,1,ISOLATED,ISOLATED
321,140220,140,220,18950511,18961231,2,ISOLATED,ISOLATED
322,140220,140,220,19630401,19630431,1,ISOLATED,ISOLATED
323,140255,140,255,19170405,19181111,1,ISOLATED,ISOLATED
10324,140255,140,255,19420118,19450507,3,ISOLATED,ISOLATED
326,140325,140,325,19420309,19430222,2,ISOLATED,ISOLATED
329,140365,140,365,19590328,19680518,2,ISOLATED,ISOLATED
331,140620,140,620,19830416,19830430,1,ISOLATED,ISOLATED
332,140740,140,740,19440706,19450814,2,ISOLATED,ISOLATED
10333,145150,145,150,18860810,19380721,19,RIVALRY,ENDURING
338,145155,145,155,19200715,19200822,1,ISOLATED,ISOLATED
339,145155,145,155,19620322,19620431,1,ISOLATED,ISOLATED
340,145155,145,155,19780317,19780317,1,ISOLATED,ISOLATED
10336,145155,145,155,18570820,18840404,5,RIVALRY,PROTO
341,145160,145,160,18660701,18660731,1,ISOLATED,ISOLATED
342,145160,145,160,19281213,19281213,1,ISOLATED,ISOLATED
343,145230,145,230,18660411,18660411,1,ISOLATED,ISOLATED
344,145255,145,255,19431204,19440604,1,ISOLATED,ISOLATED
345,145325,145,325,19431204,19440604,1,ISOLATED,ISOLATED
346,145740,145,740,19431204,19440604,1,ISOLATED,ISOLATED
347,150160,150,160,18460101,18510131,2,ISOLATED,ISOLATED
348,150160,150,160,18650401,18700301,1,ISOLATED,ISOLATED
349,150160,150,160,19110201,19120218,2,ISOLATED,ISOLATED
350,150160,150,160,19281213,19281213,1,ISOLATED,ISOLATED
351,150160,150,160,19591226,19620515,2,ISOLATED,ISOLATED
352,150200,150,200,18591129,18591130,1,ISOLATED,ISOLATED
353,150255,150,255,19450207,19450507,1,ISOLATED,ISOLATED
354,150740,150,740,19450207,19450807,1,ISOLATED,ISOLATED
355,155160,155,160,18430921,18440430,1,ISOLATED,ISOLATED
356,155160,155,160,18730315,19090707,10,RIVALRY,ENDURING
357,155160,155,160,19520701,19841019,17,RIVALRY,ENDURING
358,155200,155,200,18830122,18910624,2,ISOLATED,ISOLATED
359,155200,155,200,19470215,19480306,2,ISOLATED,ISOLATED
360,155200,155,200,19960306,19960331,2,ISOLATED,ISOLATED
361,155220,155,220,18830122,18910624,2,ISOLATED,ISOLATED
362,155230,155,230,18461207,18470206,1,ISOLATED,ISOLATED
363,155230,155,230,18620810,18660509,3,RIVALRY,PROTO
364,155255,155,255,19420316,19420316,1,ISOLATED,ISOLATED
365,155325,155,325,18830122,18830322,1,ISOLATED,ISOLATED
367,155740,155,740,19450411,19450814,1,ISOLATED,ISOLATED
368,160165,160,165,19071101,19071131,1,ISOLATED,ISOLATED
369,160165,160,165,19690128,19730126,2,ISOLATED,ISOLATED
370,160200,160,200,18420101,18460326,3,RIVALRY,PROTO
371,160200,160,200,18800501,18801231,1,ISOLATED,ISOLATED
372,160200,160,200,19470403,19470403,1,ISOLATED,ISOLATED
373,160200,160,200,19760204,19830809,4,RIVALRY,PROTO
374,160220,160,220,18420101,18460326,3,RIVALRY,PROTO
375,160220,160,220,19160501,19160531,1,ISOLATED,ISOLATED
376,160255,160,255,19140301,19170622,2,ISOLATED,ISOLATED
10377,160255,160,255,19391222,19450807,4,ISOLATED,ISOLATED
378,160345,160,345,20000327,20001128,4,RIVALRY,PROTO
379,160355,160,355,19771001,19771001,1,ISOLATED,ISOLATED
380,160365,160,365,19680622,19771001,2,ISOLATED,ISOLATED
381,160385,160,385,19480304,19480306,1,ISOLATED,ISOLATED
382,160645,160,645,19900918,19910303,1,ISOLATED,ISOLATED
384,160713,160,713,19860528,19860528,1,ISOLATED,ISOLATED
385,160740,160,740,19450327,19450814,1,ISOLATED,ISOLATED
386,160740,160,740,19870213,19870324,1,ISOLATED,ISOLATED
387,165200,165,200,19391213,19391213,1,ISOLATED,ISOLATED
10388,165255,165,255,19391213,19450807,3,ISOLATED,ISOLATED
389,165385,165,385,19730126,19730126,1,ISOLATED,ISOLATED
390,165740,165,740,19450215,19450814,1,ISOLATED,ISOLATED
391,200210,200,210,18310815,18330521,2,ISOLATED,ISOLATED
393,200210,200,210,19391101,19391130,1,ISOLATED,ISOLATED
10392,200210,200,210,19140801,19171017,3,ISOLATED,ISOLATED
394,200220,200,220,18310205,18401127,2,ISOLATED,ISOLATED
395,200220,200,220,18880201,18981104,5,RIVALRY,PROTO
396,200220,200,220,19400704,19410707,1,ISOLATED,ISOLATED
397,200225,200,225,19400612,19400701,1,ISOLATED,ISOLATED
398,200230,200,230,18250301,18250331,1,ISOLATED,ISOLATED
399,200230,200,230,18731101,18731110,1,ISOLATED,ISOLATED
400,200230,200,230,19400716,19401022,1,ISOLATED,ISOLATED
401,200230,200,230,19690626,19691130,1,ISOLATED,ISOLATED
402,200230,200,230,19860320,19860321,1,ISOLATED,ISOLATED
403,200235,200,235,18310504,18310511,1,ISOLATED,ISOLATED
404,200235,200,235,18891229,18971011,2,ISOLATED,ISOLATED
405,200235,200,235,19400805,19400805,1,ISOLATED,ISOLATED
406,200235,200,235,19660310,19660414,1,ISOLATED,ISOLATED
407,200240,200,240,18480410,18480831,1,ISOLATED,ISOLATED
408,200255,200,255,18321022,18330521,1,ISOLATED,ISOLATED
410,200255,200,255,18870601,19211105,7,RIVALRY,ENDURING
411,200255,200,255,19380826,19450507,3,RIVALRY,PROTO
2013,200255,200,255,18630417,18640720,1,ISOLATED,ISOLATED
412,200265,200,265,19610813,19611028,1,ISOLATED,ISOLATED
413,200265,200,265,19850606,19850907,1,ISOLATED,ISOLATED
414,200290,200,290,19611018,19611028,1,ISOLATED,ISOLATED
415,200300,200,300,19140726,19181103,1,ISOLATED,ISOLATED
416,200305,200,305,19220901,19220915,1,ISOLATED,ISOLATED
417,200310,200,310,19190320,19190804,1,ISOLATED,ISOLATED
418,200310,200,310,19410627,19450120,1,ISOLATED,ISOLATED
419,200315,200,315,19530312,19611028,2,ISOLATED,ISOLATED
420,200325,200,325,18901014,18910324,1,ISOLATED,ISOLATED
421,200325,200,325,19111224,19111224,1,ISOLATED,ISOLATED
422,200325,200,325,19271028,19430909,7,RIVALRY,PROTO
423,200329,200,329,18480901,18480911,1,ISOLATED,ISOLATED
424,200339,200,339,19460515,19461113,1,ISOLATED,ISOLATED
425,200339,200,339,19580101,19580104,1,ISOLATED,ISOLATED
426,200345,200,345,19400402,19461005,2,ISOLATED,ISOLATED
427,200345,200,345,19920716,20001128,10,RIVALRY,PROTO
428,200350,200,350,18500117,18541201,2,ISOLATED,ISOLATED
429,200350,200,350,18860426,18970815,3,RIVALRY,PROTO
430,200350,200,350,19160606,19220729,2,ISOLATED,ISOLATED
431,200350,200,350,19410131,19410131,1,ISOLATED,ISOLATED
432,200355,200,355,19151009,19180929,2,ISOLATED,ISOLATED
10433,200355,200,355,19410208,19440826,3,ISOLATED,ISOLATED
434,200360,200,360,19220901,19220915,1,ISOLATED,ISOLATED
435,200360,200,360,19400726,19440823,2,ISOLATED,ISOLATED
436,200365,200,365,18330622,18361231,2,ISOLATED,ISOLATED
437,200365,200,365,18491006,18610921,3,RIVALRY,PROTO
438,200365,200,365,18760501,19230611,17,RIVALRY,ENDURING
439,200365,200,365,19390325,19990611,22,RIVALRY,ENDURING
440,200368,200,368,19230113,19230115,1,ISOLATED,ISOLATED
441,200375,200,375,19411206,19440919,2,ISOLATED,ISOLATED
443,200380,200,380,19400515,19401030,1,ISOLATED,ISOLATED
10442,200380,200,380,19150301,19170531,3,ISOLATED,ISOLATED
444,200385,200,385,19141129,19141129,1,ISOLATED,ISOLATED
445,200385,200,385,19400216,19400325,1,ISOLATED,ISOLATED
447,200390,200,390,19400110,19400320,1,ISOLATED,ISOLATED
448,200390,200,390,19610331,19610531,2,ISOLATED,ISOLATED
10449,200395,200,395,19580827,19760601,4,RIVALRY,PROTO
451,200500,200,500,19741107,19750231,1,ISOLATED,ISOLATED
452,200552,200,552,19651203,19660823,1,ISOLATED,ISOLATED
453,200600,200,600,19040612,19040628,1,ISOLATED,ISOLATED
455,200630,200,630,18560701,18570314,1,ISOLATED,ISOLATED
456,200630,200,630,19100315,19101014,1,ISOLATED,ISOLATED
457,200630,200,630,19460802,19510908,2,ISOLATED,ISOLATED
10458,200630,200,630,19840710,19861126,4,ISOLATED,ISOLATED
459,200640,200,640,18270816,19340716,14,RIVALRY,ENDURING
462,200645,200,645,19410430,19410523,1,ISOLATED,ISOLATED
463,200645,200,645,19580715,20011003,19,RIVALRY,ENDURING
464,200651,200,651,18820703,18820915,1,ISOLATED,ISOLATED
465,200651,200,651,19420204,19581024,5,RIVALRY,PROTO
466,200652,200,652,19760405,19760405,1,ISOLATED,ISOLATED
467,200663,200,663,19900809,19910303,1,ISOLATED,ISOLATED
468,200666,200,666,19490107,19561026,2,ISOLATED,ISOLATED
469,200670,200,670,19340501,19340623,1,ISOLATED,ISOLATED
470,200670,200,670,19551128,19560213,2,ISOLATED,ISOLATED
471,200678,200,678,19490701,19670422,5,RIVALRY,PROTO
472,200700,200,700,20010915,20011115,2,ISOLATED,ISOLATED
473,200710,200,710,18980325,19000816,2,ISOLATED,ISOLATED
474,200710,200,710,19260315,19270328,2,ISOLATED,ISOLATED
475,200710,200,710,19500817,19681117,11,RIVALRY,PROTO
476,200713,200,713,19491018,19550119,6,RIVALRY,PROTO
477,200730,200,730,18971225,18980205,1,ISOLATED,ISOLATED
478,200731,200,731,19500628,19530727,1,ISOLATED,ISOLATED
479,200740,200,740,18630406,18651124,3,RIVALRY,PROTO
480,200740,200,740,18851001,18851131,1,ISOLATED,ISOLATED
481,200740,200,740,19320131,19450814,6,RIVALRY,PROTO
482,200800,200,800,19420125,19450831,1,ISOLATED,ISOLATED
10484,200850,200,850,19510903,19660425,3,RIVALRY,PROTO
486,205230,205,230,19841020,19851128,2,ISOLATED,ISOLATED
487,205255,205,255,19400820,19401029,1,ISOLATED,ISOLATED
488,205345,205,345,20001124,20001128,2,ISOLATED,ISOLATED
489,210211,210,211,18310802,18330521,2,ISOLATED,ISOLATED
490,210220,210,220,18310815,18330521,2,ISOLATED,ISOLATED
491,210255,210,255,19141005,19180827,1,ISOLATED,ISOLATED
492,210255,210,255,19391105,19400514,2,ISOLATED,ISOLATED
493,210345,210,345,19920716,20001128,8,RIVALRY,PROTO
494,210365,210,365,19140824,19140824,1,ISOLATED,ISOLATED
495,210365,210,365,19800313,19800319,1,ISOLATED,ISOLATED
2006,210365,210,365,19990408,19990419,2,ISOLATED,ISOLATED
497,210645,210,645,19900821,19991022,3,RIVALRY,PROTO
499,210700,210,700,20011009,20011031,2,ISOLATED,ISOLATED
500,210710,210,710,19510120,19530727,1,ISOLATED,ISOLATED
501,210710,210,710,19660722,19661230,1,ISOLATED,ISOLATED
502,210731,210,731,19510120,19530727,1,ISOLATED,ISOLATED
503,210740,210,740,18640722,18651124,2,ISOLATED,ISOLATED
504,210850,210,850,19510816,19620817,7,RIVALRY,PROTO
506,211255,211,255,18320915,18330521,1,ISOLATED,ISOLATED
507,211255,211,255,19140802,19400528,8,RIVALRY,ENDURING
508,211265,211,265,19580602,19580630,1,ISOLATED,ISOLATED
509,211300,211,300,19140802,19181103,1,ISOLATED,ISOLATED
510,211345,211,345,19920716,20001128,8,RIVALRY,PROTO
511,211355,211,355,19151014,19180929,1,ISOLATED,ISOLATED
513,211365,211,365,19600731,19600731,1,ISOLATED,ISOLATED
2001,211365,211,365,19990408,19990419,2,ISOLATED,ISOLATED
514,211490,211,490,19600705,19600902,1,ISOLATED,ISOLATED
515,211490,211,490,19911027,19930131,3,RIVALRY,PROTO
517,211640,211,640,19140902,19181111,1,ISOLATED,ISOLATED
518,211645,211,645,19900821,19910303,1,ISOLATED,ISOLATED
520,211710,211,710,19510120,19530727,1,ISOLATED,ISOLATED
521,211731,211,731,19510120,19530727,1,ISOLATED,ISOLATED
522,212255,212,255,19391105,19400510,1,ISOLATED,ISOLATED
10523,212345,212,345,19980611,20001128,6,ISOLATED,ISOLATED
525,220230,220,230,18210827,18231113,2,ISOLATED,ISOLATED
526,220230,220,230,19080514,19080514,1,ISOLATED,ISOLATED
527,220230,220,230,19400110,19400701,2,ISOLATED,ISOLATED
528,220230,220,230,19840307,19840307,1,ISOLATED,ISOLATED
529,220235,220,235,18310701,18310714,1,ISOLATED,ISOLATED
530,220235,220,235,18571129,18580529,1,ISOLATED,ISOLATED
2011,220245,220,245,18700716,18701115,1,ISOLATED,ISOLATED
10531,220255,220,255,18300828,19400622,20,RIVALRY,ENDURING
533,220265,220,265,19610813,19611028,1,ISOLATED,ISOLATED
2010,220267,220,267,18700716,18701122,1,ISOLATED,ISOLATED
2009,220271,220,271,18700717,18701122,1,ISOLATED,ISOLATED
534,220290,220,290,19611018,19611028,1,ISOLATED,ISOLATED
535,220300,220,300,18400801,18590712,3,RIVALRY,PROTO
536,220300,220,300,18880301,18880331,1,ISOLATED,ISOLATED
537,220300,220,300,19140725,19181103,1,ISOLATED,ISOLATED
538,220310,220,310,19190320,19190818,1,ISOLATED,ISOLATED
539,220310,220,310,19441023,19450120,1,ISOLATED,ISOLATED
540,220315,220,315,19611018,19611028,1,ISOLATED,ISOLATED
541,220325,220,325,18600910,18660709,4,RIVALRY,PROTO
542,220325,220,325,18880201,18880331,1,ISOLATED,ISOLATED
543,220325,220,325,19110905,19120127,2,ISOLATED,ISOLATED
544,220325,220,325,19251201,19400610,7,RIVALRY,PROTO
545,220327,220,327,18490424,18490701,1,ISOLATED,ISOLATED
546,220329,220,329,18480901,18480911,1,ISOLATED,ISOLATED
547,220339,220,339,19180915,19181105,1,ISOLATED,ISOLATED
548,220344,220,344,19930126,19930131,2,ISOLATED,ISOLATED
550,220345,220,345,19920716,20001128,8,RIVALRY,PROTO
551,220350,220,350,18540531,18541201,1,ISOLATED,ISOLATED
552,220350,220,350,18960518,18970815,2,ISOLATED,ISOLATED
553,220350,220,350,19160111,19220729,3,RIVALRY,PROTO
555,220355,220,355,19151014,19180929,1,ISOLATED,ISOLATED
556,220365,220,365,18330622,18560330,4,RIVALRY,PROTO
557,220365,220,365,19180628,19201001,4,RIVALRY,PROTO
2003,220365,220,365,19990408,19990419,2,ISOLATED,ISOLATED
10559,220365,220,365,19480321,19611028,4,RIVALRY,PROTO
559,220368,220,368,19230111,19230115,1,ISOLATED,ISOLATED
560,220380,220,380,19151106,19160731,1,ISOLATED,ISOLATED
561,220481,220,481,19640218,19640229,1,ISOLATED,ISOLATED
562,220484,220,484,19770501,19770526,1,ISOLATED,ISOLATED
563,220490,220,490,19911027,19911105,1,ISOLATED,ISOLATED
564,220500,220,500,19770428,19770526,1,ISOLATED,ISOLATED
565,220520,220,520,19760203,19760203,1,ISOLATED,ISOLATED
567,220540,220,540,19770415,19780201,2,ISOLATED,ISOLATED
569,220581,220,581,19891211,19891215,1,ISOLATED,ISOLATED
570,220600,220,600,19040601,19110630,3,RIVALRY,PROTO
571,220600,220,600,19600928,19600928,1,ISOLATED,ISOLATED
572,220616,220,616,19570531,19610905,5,RIVALRY,PROTO
573,220620,220,620,19780415,19870911,6,RIVALRY,PROTO
574,220630,220,630,19851018,19880120,3,RIVALRY,PROTO
575,220640,220,640,18270816,18330710,3,RIVALRY,PROTO
576,220640,220,640,18520401,18520631,1,ISOLATED,ISOLATED
10578,220640,220,640,18800701,19380628,13,RIVALRY,ENDURING
579,220645,220,645,19900808,19991022,10,RIVALRY,PROTO
580,220651,220,651,18820703,18820710,1,ISOLATED,ISOLATED
581,220651,220,651,19560802,19561106,1,ISOLATED,ISOLATED
582,220652,220,652,19580416,19580417,1,ISOLATED,ISOLATED
583,220660,220,660,19891130,19900212,1,ISOLATED,ISOLATED
584,220663,220,663,19900809,19910303,1,ISOLATED,ISOLATED
585,220670,220,670,19340501,19340623,1,ISOLATED,ISOLATED
586,220700,220,700,20010915,20011115,2,ISOLATED,ISOLATED
589,220710,220,710,19491214,19530727,3,RIVALRY,PROTO
10588,220710,220,710,18700725,19270328,8,RIVALRY,ENDURING
590,220731,220,731,19510101,19530727,1,ISOLATED,ISOLATED
591,220731,220,731,19901002,19901002,1,ISOLATED,ISOLATED
592,220740,220,740,18630720,18651124,3,RIVALRY,PROTO
593,220740,220,740,18950423,18950423,1,ISOLATED,ISOLATED
594,220740,220,740,19381214,19400620,1,ISOLATED,ISOLATED
595,220800,220,800,18930204,18931003,1,ISOLATED,ISOLATED
596,220800,220,800,19401123,19520307,4,RIVALRY,PROTO
599,220920,220,920,19850710,19850710,1,ISOLATED,ISOLATED
600,223225,223,225,19921017,19921017,1,ISOLATED,ISOLATED
601,225255,225,255,18561118,18570526,1,ISOLATED,ISOLATED
602,225255,225,255,19140830,19140830,1,ISOLATED,ISOLATED
10603,225255,225,255,19390829,19430918,3,ISOLATED,ISOLATED
604,225300,225,300,19140830,19140830,1,ISOLATED,ISOLATED
605,225345,225,345,20001124,20001128,2,ISOLATED,ISOLATED
606,230235,230,235,18401205,18410201,1,ISOLATED,ISOLATED
607,230235,230,235,19360801,19390329,1,ISOLATED,ISOLATED
608,230255,230,255,18230106,18230106,1,ISOLATED,ISOLATED
609,230255,230,255,19150819,19190316,2,ISOLATED,ISOLATED
610,230255,230,255,19360728,19430207,2,ISOLATED,ISOLATED
611,230300,230,300,18230106,18230106,1,ISOLATED,ISOLATED
612,230325,230,325,19271028,19401001,4,RIVALRY,PROTO
613,230345,230,345,19920716,20001128,8,RIVALRY,PROTO
614,230365,230,365,18230106,18230106,1,ISOLATED,ISOLATED
615,230365,230,365,19410801,19440831,1,ISOLATED,ISOLATED
2008,230365,230,365,19990408,19990419,2,ISOLATED,ISOLATED
616,230411,230,411,19690301,19690404,1,ISOLATED,ISOLATED
618,230600,230,600,18591016,18600325,1,ISOLATED,ISOLATED
619,230600,230,600,18931002,18940131,1,ISOLATED,ISOLATED
620,230600,230,600,19070808,19111230,3,RIVALRY,PROTO
621,230600,230,600,19571123,19800617,8,RIVALRY,ENDURING
622,230615,230,615,19751027,19751027,1,ISOLATED,ISOLATED
10623,230630,230,630,19841226,19880321,3,ISOLATED,ISOLATED
624,230645,230,645,19900821,19910303,1,ISOLATED,ISOLATED
626,230666,230,666,19650404,19650405,1,ISOLATED,ISOLATED
627,230700,230,700,20011009,20011031,2,ISOLATED,ISOLATED
628,230710,230,710,19270120,19270328,1,ISOLATED,ISOLATED
10632,235255,235,255,19140808,19181111,3,ISOLATED,ISOLATED
10633,235255,235,255,19400725,19440531,4,ISOLATED,ISOLATED
634,235300,235,300,19160310,19181103,1,ISOLATED,ISOLATED
10635,235345,235,345,19980611,20001128,6,RIVALRY,PROTO
636,235355,235,355,19160310,19180929,1,ISOLATED,ISOLATED
2007,235365,235,365,19990408,19990419,2,ISOLATED,ISOLATED
637,235433,235,433,19611201,19730525,5,RIVALRY,PROTO
638,235434,235,434,19610725,19610801,1,ISOLATED,ISOLATED
639,235438,235,438,19620311,19730120,4,RIVALRY,PROTO
640,235484,235,484,19670408,19690731,2,ISOLATED,ISOLATED
641,235490,235,490,19671101,19690815,2,ISOLATED,ISOLATED
642,235510,235,510,19720414,19720414,1,ISOLATED,ISOLATED
643,235551,235,551,19660518,19730614,3,RIVALRY,PROTO
644,235553,235,553,19730504,19730504,1,ISOLATED,ISOLATED
645,235560,235,560,19750407,19750407,1,ISOLATED,ISOLATED
646,235640,235,640,19160310,19181111,1,ISOLATED,ISOLATED
647,235700,235,700,20011009,20011031,2,ISOLATED,ISOLATED
648,235710,235,710,19270120,19270328,1,ISOLATED,ISOLATED
649,235750,235,750,19540807,19611219,3,RIVALRY,PROTO
650,235850,235,850,19750801,19760727,1,ISOLATED,ISOLATED
651,235900,235,900,19411217,19411217,1,ISOLATED,ISOLATED
652,240255,240,255,18640212,18660726,2,ISOLATED,ISOLATED
653,240280,240,280,18660620,18660726,1,ISOLATED,ISOLATED
654,240325,240,325,18660505,18660726,1,ISOLATED,ISOLATED
658,240390,240,390,18631223,18640720,1,ISOLATED,ISOLATED
10659,245255,245,255,18501011,18660726,2,ISOLATED,ISOLATED
661,245280,245,280,18660505,18660726,1,ISOLATED,ISOLATED
662,245325,245,325,18660331,18660726,1,ISOLATED,ISOLATED
664,255267,255,267,18660511,18660726,1,ISOLATED,ISOLATED
665,255269,255,269,18640212,18660726,3,RIVALRY,PROTO
10666,255271,255,271,18501011,18660726,2,ISOLATED,ISOLATED
668,255273,255,273,18500926,18501129,1,ISOLATED,ISOLATED
669,255273,255,273,18660511,18660726,1,ISOLATED,ISOLATED
670,255275,255,275,18660511,18660726,1,ISOLATED,ISOLATED
671,255290,255,290,19191016,19211020,2,ISOLATED,ISOLATED
672,255290,255,290,19390325,19390927,1,ISOLATED,ISOLATED
673,255300,255,300,18500926,18501129,1,ISOLATED,ISOLATED
674,255300,255,300,18650403,18660726,1,ISOLATED,ISOLATED
675,255305,255,305,19380311,19380312,1,ISOLATED,ISOLATED
10676,255310,255,310,19400411,19450705,4,ISOLATED,ISOLATED
677,255315,255,315,19340725,19390316,3,RIVALRY,PROTO
678,255325,255,325,18590624,18590712,1,ISOLATED,ISOLATED
10679,255325,255,325,19141020,19431018,7,RIVALRY,ENDURING
11679,255325,255,325,19430909,19431018,1,ISOLATED,ISOLATED
680,255339,255,339,19160104,19181111,1,ISOLATED,ISOLATED
681,255345,255,345,19140725,19181111,1,ISOLATED,ISOLATED
683,255345,255,345,19920716,20001128,8,RIVALRY,PROTO
2682,255345,255,345,19400304,19410417,2,ISOLATED,ISOLATED
684,255350,255,350,18860426,18970815,3,RIVALRY,PROTO
685,255350,255,350,19161127,19181111,2,ISOLATED,ISOLATED
686,255350,255,350,19401025,19410423,1,ISOLATED,ISOLATED
10687,255355,255,355,19401011,19440909,3,ISOLATED,ISOLATED
10688,255360,255,360,19141020,19171209,3,ISOLATED,ISOLATED
10689,255360,255,360,19400828,19450507,2,ISOLATED,ISOLATED
690,255365,255,365,18501028,18501129,1,ISOLATED,ISOLATED
691,255365,255,365,19140725,19200201,3,RIVALRY,PROTO
692,255365,255,365,19361112,19450507,5,RIVALRY,PROTO
2004,255365,255,365,19990408,19990419,2,ISOLATED,ISOLATED
693,255366,255,366,19190623,19191215,1,ISOLATED,ISOLATED
694,255366,255,366,19391212,19391212,1,ISOLATED,ISOLATED
695,255367,255,367,19190315,19191215,1,ISOLATED,ISOLATED
696,255367,255,367,19391105,19400302,1,ISOLATED,ISOLATED
697,255368,255,368,19390320,19390323,1,ISOLATED,ISOLATED
698,255375,255,375,19391106,19400105,2,ISOLATED,ISOLATED
700,255380,255,380,19141030,19181111,3,ISOLATED,ISOLATED
701,255380,255,380,19391105,19440428,4,ISOLATED,ISOLATED
702,255385,255,385,19110718,19180111,3,RIVALRY,PROTO
703,255385,255,385,19391104,19400409,1,ISOLATED,ISOLATED
704,255390,255,390,18480401,18490710,1,ISOLATED,ISOLATED
705,255390,255,390,18630417,18640720,1,ISOLATED,ISOLATED
706,255390,255,390,19140801,19151111,2,ISOLATED,ISOLATED
707,255390,255,390,19400226,19400409,1,ISOLATED,ISOLATED
708,255450,255,450,19440127,19440727,1,ISOLATED,ISOLATED
709,255530,255,530,19421214,19430614,1,ISOLATED,ISOLATED
710,255560,255,560,19390906,19450507,1,ISOLATED,ISOLATED
711,255630,255,630,19430909,19440309,1,ISOLATED,ISOLATED
714,255640,255,640,19400119,19440223,2,ISOLATED,ISOLATED
10712,255640,255,640,18760513,18970815,3,RIVALRY,PROTO
715,255645,255,645,19430116,19450906,1,ISOLATED,ISOLATED
716,255645,255,645,19910106,19991022,3,RIVALRY,PROTO
717,255651,255,651,19410519,19450507,3,ISOLATED,ISOLATED
719,255670,255,670,19430909,19430909,1,ISOLATED,ISOLATED
720,255700,255,700,20011009,20011031,2,ISOLATED,ISOLATED
721,255710,255,710,18971114,19010907,3,RIVALRY,PROTO
722,255710,255,710,19170209,19260315,2,ISOLATED,ISOLATED
724,255740,255,740,18950423,18950423,1,ISOLATED,ISOLATED
725,255740,255,740,19140823,19181111,1,ISOLATED,ISOLATED
726,255800,255,800,19170722,19181111,1,ISOLATED,ISOLATED
727,255900,255,900,19390903,19450507,1,ISOLATED,ISOLATED
728,255920,255,920,19390903,19450507,1,ISOLATED,ISOLATED
729,260265,260,265,19610813,19710129,4,RIVALRY,PROTO
730,260290,260,290,19611018,19641119,2,ISOLATED,ISOLATED
731,260290,260,290,19870615,19870615,1,ISOLATED,ISOLATED
732,260315,260,315,19611018,19631004,2,ISOLATED,ISOLATED
733,260315,260,315,19840420,19860922,3,RIVALRY,PROTO
10734,260365,260,365,19610813,19800319,5,RIVALRY,PROTO
736,260395,260,395,19741124,19741124,1,ISOLATED,ISOLATED
10737,260630,260,630,19840909,19880611,3,ISOLATED,ISOLATED
739,260713,260,713,19560923,19560923,1,ISOLATED,ISOLATED
740,265315,265,315,19680716,19681112,1,ISOLATED,ISOLATED
741,265385,265,385,19690109,19690109,1,ISOLATED,ISOLATED
742,267280,267,280,18660620,18660726,1,ISOLATED,ISOLATED
743,267325,267,325,18660505,18660726,1,ISOLATED,ISOLATED
744,267390,267,390,18631201,18631201,1,ISOLATED,ISOLATED
745,269280,269,280,18660620,18660726,1,ISOLATED,ISOLATED
746,269325,269,325,18660325,18660726,1,ISOLATED,ISOLATED
748,269390,269,390,18631124,18640720,1,ISOLATED,ISOLATED
749,271280,271,280,18660620,18660726,1,ISOLATED,ISOLATED
750,271325,271,325,18660511,18660726,1,ISOLATED,ISOLATED
751,271390,271,390,18631124,18640720,1,ISOLATED,ISOLATED
752,273280,273,280,18660620,18660726,1,ISOLATED,ISOLATED
753,273325,273,325,18660511,18660726,1,ISOLATED,ISOLATED
754,275280,275,280,18660620,18660726,1,ISOLATED,ISOLATED
755,275325,275,325,18660511,18660726,1,ISOLATED,ISOLATED
756,275390,275,390,18631124,18640720,1,ISOLATED,ISOLATED
757,280300,280,300,18660620,18660726,1,ISOLATED,ISOLATED
758,290315,290,315,19190123,19190201,1,ISOLATED,ISOLATED
759,290315,290,315,19380424,19381002,1,ISOLATED,ISOLATED
760,290315,290,315,19680510,19681112,1,ISOLATED,ISOLATED
761,290345,290,345,19990309,20001128,6,RIVALRY,PROTO
762,290365,290,365,19190101,19201118,3,RIVALRY,PROTO
763,290365,290,365,19380923,19390929,3,RIVALRY,PROTO
764,290365,290,365,19561017,19561021,1,ISOLATED,ISOLATED
765,290365,290,365,19930620,19970321,4,RIVALRY,PROTO
766,290366,290,366,19390914,19390919,2,ISOLATED,ISOLATED
10768,290368,290,368,19190404,19380320,4,RIVALRY,PROTO
770,290390,290,390,19641119,19641119,1,ISOLATED,ISOLATED
771,290713,290,713,19541012,19541120,1,ISOLATED,ISOLATED
772,300325,300,325,18210310,18210408,1,ISOLATED,ISOLATED
773,300325,300,325,18480115,18771131,5,RIVALRY,PROTO
774,300325,300,325,19040901,19181103,4,RIVALRY,PROTO
775,300327,300,327,18470717,18490701,3,RIVALRY,PROTO
776,300329,300,329,18210101,18210324,1,ISOLATED,ISOLATED
777,300329,300,329,18480401,18480809,1,ISOLATED,ISOLATED
778,300332,300,332,18480301,18480809,1,ISOLATED,ISOLATED
779,300337,300,337,18480301,18490525,2,ISOLATED,ISOLATED
780,300339,300,339,19160104,19181103,1,ISOLATED,ISOLATED
781,300345,300,345,19081006,19181103,4,RIVALRY,PROTO
782,300350,300,350,18860426,18970815,3,RIVALRY,PROTO
783,300350,300,350,19170629,19181103,1,ISOLATED,ISOLATED
784,300360,300,360,18830701,18830701,1,ISOLATED,ISOLATED
785,300360,300,360,19160827,19171209,1,ISOLATED,ISOLATED
786,300365,300,365,18540420,18560330,2,ISOLATED,ISOLATED
787,300365,300,365,19121121,19171215,2,ISOLATED,ISOLATED
788,300380,300,380,19151106,19160731,1,ISOLATED,ISOLATED
789,300390,300,390,18631001,18640720,1,ISOLATED,ISOLATED
790,300640,300,640,18530101,18530225,1,ISOLATED,ISOLATED
10791,300640,300,640,18760513,19051206,4,RIVALRY,PROTO
793,300710,300,710,19000530,19000816,1,ISOLATED,ISOLATED
794,300710,300,710,19170814,19181111,1,ISOLATED,ISOLATED
795,300740,300,740,19140823,19181103,1,ISOLATED,ISOLATED
796,300800,300,800,19170722,19181103,1,ISOLATED,ISOLATED
797,305310,305,310,19210828,19220915,2,ISOLATED,ISOLATED
798,305310,305,310,19600925,19600925,1,ISOLATED,ISOLATED
799,305315,305,315,19220824,19220915,1,ISOLATED,ISOLATED
800,305325,305,325,19220824,19220915,1,ISOLATED,ISOLATED
801,305325,305,325,19600925,19600925,1,ISOLATED,ISOLATED
802,305345,305,345,19190502,19220915,2,ISOLATED,ISOLATED
803,305345,305,345,19910627,20001128,3,RIVALRY,PROTO
804,305710,305,710,20010417,20010417,1,ISOLATED,ISOLATED
805,310315,310,315,19190328,19190818,1,ISOLATED,ISOLATED
806,310315,310,315,19381013,19390317,2,ISOLATED,ISOLATED
807,310315,310,315,19680716,19681112,1,ISOLATED,ISOLATED
808,310325,310,325,19190320,19190818,1,ISOLATED,ISOLATED
810,310344,310,344,19950812,19960212,2,ISOLATED,ISOLATED
811,310345,310,345,19190324,19230131,2,ISOLATED,ISOLATED
812,310345,310,345,19380924,19521026,4,RIVALRY,PROTO
813,310345,310,345,19910822,20001128,11,RIVALRY,PROTO
814,310355,310,355,19410424,19411024,1,ISOLATED,ISOLATED
815,310360,310,360,19190410,19230131,3,RIVALRY,PROTO
817,310360,310,360,19710802,19710808,1,ISOLATED,ISOLATED
10816,310360,310,360,19390315,19440909,5,ISOLATED,ISOLATED
818,310365,310,365,19410627,19450120,1,ISOLATED,ISOLATED
819,310365,310,365,19561020,19561114,1,ISOLATED,ISOLATED
826,315355,315,355,19680716,19681112,1,ISOLATED,ISOLATED
827,315360,315,360,19220901,19220915,1,ISOLATED,ISOLATED
828,315360,315,360,19710802,19710808,1,ISOLATED,ISOLATED
829,315365,315,365,19680423,19681112,1,ISOLATED,ISOLATED
830,315713,315,713,19530910,19530910,1,ISOLATED,ISOLATED
831,316345,316,345,19990309,20001128,6,RIVALRY,PROTO
832,317345,317,345,20001124,20001128,2,ISOLATED,ISOLATED
833,325327,325,327,18600907,18600929,1,ISOLATED,ISOLATED
834,325329,325,329,18600918,18610213,1,ISOLATED,ISOLATED
837,325339,325,339,19520608,19570608,3,RIVALRY,PROTO
10835,325339,325,339,19140913,19390408,5,RIVALRY,PROTO
838,325345,325,345,19230824,19560411,7,RIVALRY,ENDURING
839,325345,325,345,19920716,20001128,8,RIVALRY,PROTO
840,325349,325,349,19930812,19930813,2,ISOLATED,ISOLATED
841,325350,325,350,18860426,18970815,3,RIVALRY,PROTO
842,325350,325,350,19230829,19230927,1,ISOLATED,ISOLATED
843,325350,325,350,19400521,19410423,2,ISOLATED,ISOLATED
844,325355,325,355,19151014,19180929,1,ISOLATED,ISOLATED
846,325360,325,360,19220901,19220915,1,ISOLATED,ISOLATED
848,325365,325,365,18550110,18560330,1,ISOLATED,ISOLATED
849,325365,325,365,19180628,19201001,3,RIVALRY,PROTO
850,325365,325,365,19370830,19370830,1,ISOLATED,ISOLATED
851,325365,325,365,19800313,19820224,2,ISOLATED,ISOLATED
2005,325365,325,365,19990408,19990419,2,ISOLATED,ISOLATED
852,325368,325,368,19230113,19230115,1,ISOLATED,ISOLATED
854,325380,325,380,19401105,19420407,2,ISOLATED,ISOLATED
856,325390,325,390,19370812,19370812,1,ISOLATED,ISOLATED
857,325530,325,530,19230101,19430614,6,RIVALRY,PROTO
859,325620,325,620,19780730,19780730,1,ISOLATED,ISOLATED
860,325630,325,630,19400714,19400714,1,ISOLATED,ISOLATED
862,325640,325,640,18250925,18250926,1,ISOLATED,ISOLATED
863,325640,325,640,18800914,19241131,14,RIVALRY,ENDURING
864,325640,325,640,19400922,19401020,1,ISOLATED,ISOLATED
865,325645,325,645,19430116,19450906,1,ISOLATED,ISOLATED
866,325645,325,645,19900821,19991022,3,RIVALRY,PROTO
867,325651,325,651,19400616,19401021,1,ISOLATED,ISOLATED
868,325652,325,652,19580416,19580417,1,ISOLATED,ISOLATED
870,325670,325,670,19340501,19340623,1,ISOLATED,ISOLATED
871,325710,325,710,18700822,18701005,1,ISOLATED,ISOLATED
872,325710,325,710,18990224,19000816,2,ISOLATED,ISOLATED
873,325710,325,710,19260315,19270328,2,ISOLATED,ISOLATED
875,325800,325,800,19430901,19430931,1,ISOLATED,ISOLATED
878,327329,327,329,18490428,18490701,1,ISOLATED,ISOLATED
880,338652,338,652,19890829,19890829,1,ISOLATED,ISOLATED
881,339343,339,343,19930626,19970313,4,RIVALRY,PROTO
882,339345,339,345,19150612,19211018,3,RIVALRY,PROTO
883,339345,339,345,19490301,19520731,2,ISOLATED,ISOLATED
884,339345,339,345,19760201,19760231,1,ISOLATED,ISOLATED
885,339345,339,345,19921209,20010208,11,RIVALRY,PROTO
886,339350,339,350,19460301,19490813,3,RIVALRY,PROTO
887,339350,339,350,19940410,19970917,4,RIVALRY,PROTO
888,339355,339,355,19160104,19181129,1,ISOLATED,ISOLATED
889,339640,339,640,19160104,19181111,1,ISOLATED,ISOLATED
890,343345,343,345,19940500,19990610,5,RIVALRY,PROTO
891,344345,344,345,19920120,20000930,10,RIVALRY,PROTO
892,344346,344,346,19921020,19961018,6,RIVALRY,PROTO
893,345346,345,346,19920406,19940131,4,RIVALRY,PROTO
896,345350,345,350,19920716,20001128,8,RIVALRY,PROTO
897,345355,345,355,19130418,19521026,8,RIVALRY,ENDURING
898,345355,345,355,19710704,19710704,1,ISOLATED,ISOLATED
899,345355,345,355,20001124,20001128,2,ISOLATED,ISOLATED
900,345360,345,360,19181101,19220915,2,ISOLATED,ISOLATED
901,345360,345,360,19500128,19521026,2,ISOLATED,ISOLATED
902,345360,345,360,19930130,20001128,4,RIVALRY,PROTO
903,345365,345,365,19180628,19191012,1,ISOLATED,ISOLATED
904,345365,345,365,19490813,19521026,2,ISOLATED,ISOLATED
905,345365,345,365,19800506,19800506,1,ISOLATED,ISOLATED
906,345365,345,365,19980817,20001128,4,RIVALRY,PROTO
907,345366,345,366,20001124,20001128,2,ISOLATED,ISOLATED
908,345368,345,368,19980817,20001128,4,RIVALRY,PROTO
909,345369,345,369,20001124,20001128,2,ISOLATED,ISOLATED
910,345372,345,372,20001124,20001128,2,ISOLATED,ISOLATED
911,345373,345,373,20001124,20001128,2,ISOLATED,ISOLATED
912,345375,345,375,20001124,20001128,2,ISOLATED,ISOLATED
913,345380,345,380,20001124,20001128,2,ISOLATED,ISOLATED
914,345385,345,385,19980611,20001128,6,RIVALRY,PROTO
915,345390,345,390,19980611,20001128,6,RIVALRY,PROTO
916,345395,345,395,19980611,20001128,6,RIVALRY,PROTO
917,345600,345,600,20001124,20001128,2,ISOLATED,ISOLATED
919,345640,345,640,19120930,19181111,2,ISOLATED,ISOLATED
920,345640,345,640,19920716,20001128,10,RIVALRY,PROTO
921,345663,345,663,20001124,20001128,2,ISOLATED,ISOLATED
922,345696,345,696,20001124,20001128,2,ISOLATED,ISOLATED
923,350355,350,355,19130428,19520813,10,RIVALRY,ENDURING
924,350365,350,365,18860426,18970815,3,RIVALRY,PROTO
925,350365,350,365,19181217,19190406,1,ISOLATED,ISOLATED
927,350640,350,640,18290924,18290925,1,ISOLATED,ISOLATED
928,350640,350,640,18540101,18541201,1,ISOLATED,ISOLATED
929,350640,350,640,18661001,19250430,17,RIVALRY,ENDURING
930,350640,350,640,19580101,20011231,34,RIVALRY,ENDURING
931,350645,350,645,19820809,19991022,7,RIVALRY,PROTO
933,350666,350,666,19760718,19760718,1,ISOLATED,ISOLATED
934,350700,350,700,20011009,20011031,2,ISOLATED,ISOLATED
935,350710,350,710,19510120,19530727,1,ISOLATED,ISOLATED
936,350731,350,731,19510120,19530727,1,ISOLATED,ISOLATED
938,352640,352,640,19650316,20010720,15,RIVALRY,ENDURING
10939,352645,352,645,19840704,19880514,4,ISOLATED,ISOLATED
940,352651,352,651,19780219,19830219,2,ISOLATED,ISOLATED
941,352666,352,666,19870103,19870103,1,ISOLATED,ISOLATED
943,355360,355,360,19130628,19260723,3,RIVALRY,PROTO
944,355360,355,360,19401012,19401104,1,ISOLATED,ISOLATED
945,355365,355,365,19121102,19171215,3,RIVALRY,PROTO
10946,355365,355,365,19401104,19411213,3,ISOLATED,ISOLATED
949,355640,355,640,19081005,19150922,4,RIVALRY,PROTO
950,355640,355,640,19350823,19520501,5,RIVALRY,PROTO
951,355640,355,640,19860720,19871003,3,RIVALRY,PROTO
952,355666,355,666,19550727,19550727,1,ISOLATED,ISOLATED
953,355705,355,705,19960123,19960123,2,ISOLATED,ISOLATED
959,359365,359,365,19920331,19930215,3,RIVALRY,PROTO
960,360365,360,365,19180102,19190406,2,ISOLATED,ISOLATED
962,360365,360,365,19710802,19710808,1,ISOLATED,ISOLATED
10961,360365,360,365,19400523,19440823,5,ISOLATED,ISOLATED
963,360369,360,369,19970326,19970328,2,ISOLATED,ISOLATED
966,360560,360,560,19411216,19440823,1,ISOLATED,ISOLATED
968,360640,360,640,19141020,19171209,2,ISOLATED,ISOLATED
971,360900,360,900,19411216,19440823,1,ISOLATED,ISOLATED
972,360920,360,920,19411216,19440823,1,ISOLATED,ISOLATED
973,365366,365,366,19181122,19211125,2,ISOLATED,ISOLATED
974,365366,365,366,19390301,19400617,2,ISOLATED,ISOLATED
975,365366,365,366,19920727,19920802,1,ISOLATED,ISOLATED
976,365367,365,367,19190103,19211125,2,ISOLATED,ISOLATED
977,365367,365,367,19390923,19400617,2,ISOLATED,ISOLATED
978,365367,365,367,19940110,19990205,4,RIVALRY,PROTO
979,365368,365,368,19181111,19200712,1,ISOLATED,ISOLATED
980,365368,365,368,19400201,19400615,1,ISOLATED,ISOLATED
981,365368,365,368,19950329,19950329,2,ISOLATED,ISOLATED
982,365369,365,369,19920714,19960324,5,RIVALRY,PROTO
983,365372,365,372,19920613,20011018,8,RIVALRY,PROTO
984,365373,365,373,19930200,19990330,4,RIVALRY,PROTO
985,365375,365,375,19190526,19201014,1,ISOLATED,ISOLATED
986,365375,365,375,19391008,19440819,2,ISOLATED,ISOLATED
987,365375,365,375,19540915,19630827,2,ISOLATED,ISOLATED
988,365380,365,380,19151106,19160731,1,ISOLATED,ISOLATED
990,365380,365,380,19811022,19920921,5,RIVALRY,PROTO
10989,365380,365,380,19520616,19640924,3,RIVALRY,PROTO
10990,365380,365,380,19430430,19430430,1,ISOLATED,ISOLATED
991,365385,365,385,19560130,20010219,17,RIVALRY,ENDURING
992,365390,365,390,19590214,19590214,1,ISOLATED,ISOLATED
2002,365390,365,390,19990408,19990419,2,ISOLATED,ISOLATED
993,365395,365,395,19490912,19490912,1,ISOLATED,ISOLATED
994,365452,365,452,19681010,19690228,1,ISOLATED,ISOLATED
996,365630,365,630,19080416,19871102,18,RIVALRY,ENDURING
997,365640,365,640,18170404,18290914,6,RIVALRY,PROTO
998,365640,365,640,18491101,18560330,3,RIVALRY,PROTO
999,365640,365,640,18760513,19210531,12,RIVALRY,ENDURING
1000,365640,365,640,19400201,19620817,5,RIVALRY,PROTO
1001,365640,365,640,19930907,20000913,10,RIVALRY,PROTO
1003,365645,365,645,19930106,19930114,2,ISOLATED,ISOLATED
1005,365663,365,663,19570913,19571119,1,ISOLATED,ISOLATED
1006,365666,365,666,19561105,19740828,6,RIVALRY,PROTO
1007,365700,365,700,19220401,19260228,2,ISOLATED,ISOLATED
1008,365700,365,700,19391002,19400115,1,ISOLATED,ISOLATED
1009,365700,365,700,19800301,20011115,14,RIVALRY,ENDURING
1010,365710,365,710,18620601,19940630,54,RIVALRY,ENDURING
1011,365713,365,713,19490721,19580908,5,RIVALRY,PROTO
1012,365730,365,730,18990914,19050131,2,ISOLATED,ISOLATED
1013,365732,365,732,19591228,19830901,5,RIVALRY,PROTO
11014,365740,365,740,18610313,20010411,53,RIVALRY,ENDURING
1016,365770,365,770,19600508,19600730,1,ISOLATED,ISOLATED
1017,365800,365,800,19610420,19620224,2,ISOLATED,ISOLATED
1018,365812,365,812,19601216,19620224,2,ISOLATED,ISOLATED
1019,365817,365,817,19640707,19650418,1,ISOLATED,ISOLATED
1020,365840,365,840,19590228,19590306,1,ISOLATED,ISOLATED
1022,365900,365,900,19620505,19650418,2,ISOLATED,ISOLATED
1024,365920,365,920,19620505,19621124,1,ISOLATED,ISOLATED
1025,368370,368,370,20010830,20010930,2,ISOLATED,ISOLATED
1026,368411,368,411,20001110,20001220,2,ISOLATED,ISOLATED
1027,371373,371,373,19920126,20011212,14,RIVALRY,PROTO
1028,371630,371,630,19930900,19940317,4,RIVALRY,PROTO
1029,371640,371,640,19930400,20000911,4,RIVALRY,PROTO
1030,372373,372,373,19961017,19961025,2,ISOLATED,ISOLATED
1031,373630,373,630,20010723,20011200,2,ISOLATED,ISOLATED
1040,385390,385,390,19690109,19690109,1,ISOLATED,ISOLATED
1041,385390,385,390,19810831,19810831,1,ISOLATED,ISOLATED
1044,385900,385,900,20010830,20010830,2,ISOLATED,ISOLATED
1045,390630,390,630,19810812,19880702,3,ISOLATED,ISOLATED
1046,390713,390,713,19530810,19530810,1,ISOLATED,ISOLATED
1047,404433,404,433,19900415,19921212,2,ISOLATED,ISOLATED
1048,411481,411,481,19720601,19720918,1,ISOLATED,ISOLATED
1049,420433,420,433,19710114,19740724,2,ISOLATED,ISOLATED
1050,432435,432,435,19620723,19620723,1,ISOLATED,ISOLATED
1051,432436,432,436,19930208,19930208,2,ISOLATED,ISOLATED
1052,432439,432,439,19741101,19860731,3,RIVALRY,PROTO
1053,433435,433,435,19890410,19900416,2,ISOLATED,ISOLATED
1054,433645,433,645,19901201,19910303,1,ISOLATED,ISOLATED
1056,434436,434,436,19631202,19640101,1,ISOLATED,ISOLATED
1057,434475,434,475,20000429,20000501,2,ISOLATED,ISOLATED
1058,435600,435,600,19800229,19870418,3,RIVALRY,PROTO
1059,435615,435,615,19751027,19751027,1,ISOLATED,ISOLATED
1060,436483,436,483,19930218,19930218,2,ISOLATED,ISOLATED
1061,436645,436,645,19901201,19910303,1,ISOLATED,ISOLATED
1063,437438,437,438,19660316,19670925,2,ISOLATED,ISOLATED
1064,437438,437,438,19960304,19960430,2,ISOLATED,ISOLATED
1065,437450,437,450,19900104,19900104,1,ISOLATED,ISOLATED
1066,437475,437,475,19930528,19930528,2,ISOLATED,ISOLATED
1067,438450,438,450,19990813,20010525,4,RIVALRY,PROTO
1068,438451,438,451,19970527,20010604,4,RIVALRY,PROTO
1069,438452,438,452,19660310,19661104,3,RIVALRY,PROTO
1070,450451,450,451,19910331,20010618,5,RIVALRY,PROTO
1071,450475,450,475,19980200,19990409,3,RIVALRY,PROTO
11073,450645,450,645,19840525,19880514,3,ISOLATED,ISOLATED
1074,450740,450,740,19440127,19440727,1,ISOLATED,ISOLATED
1075,451452,451,452,19970527,19980310,2,ISOLATED,ISOLATED
1076,451475,451,475,19970527,19980310,2,ISOLATED,ISOLATED
1077,451645,451,645,19901201,19910303,1,ISOLATED,ISOLATED
1079,452461,452,461,19611101,19941210,11,RIVALRY,ENDURING
1080,452490,452,490,19601121,19601122,1,ISOLATED,ISOLATED
1081,471475,471,475,19810520,19980911,11,RIVALRY,PROTO
1082,471481,471,481,19761116,19761116,1,ISOLATED,ISOLATED
1083,471482,471,482,20010301,20010306,2,ISOLATED,ISOLATED
1084,475483,475,483,19830429,19830711,1,ISOLATED,ISOLATED
1085,475483,475,483,19950726,19950731,2,ISOLATED,ISOLATED
1086,482483,482,483,19690101,19690203,1,ISOLATED,ISOLATED
1087,482483,482,483,20011221,20011221,2,ISOLATED,ISOLATED
1088,482484,482,484,19770513,19770526,1,ISOLATED,ISOLATED
1089,482500,482,500,19770513,19770525,1,ISOLATED,ISOLATED
1090,482540,482,540,19770513,19770525,1,ISOLATED,ISOLATED
1091,483500,483,500,19980929,19990430,2,ISOLATED,ISOLATED
1092,483517,483,517,19980929,19990430,3,RIVALRY,PROTO
1093,483620,483,620,19760909,19940531,7,RIVALRY,PROTO
1094,483625,483,625,19660808,19660917,1,ISOLATED,ISOLATED
1095,484490,484,490,19630815,19971008,11,RIVALRY,ENDURING
1096,484540,484,540,19950513,19971015,4,RIVALRY,PROTO
1097,484600,484,600,19770501,19770522,1,ISOLATED,ISOLATED
1098,484651,484,651,19770501,19770525,1,ISOLATED,ISOLATED
1099,490500,490,500,19650215,19650317,1,ISOLATED,ISOLATED
1100,490500,490,500,19770428,20010630,6,RIVALRY,ENDURING
1101,490517,490,517,19960922,20010630,4,RIVALRY,PROTO
1102,490540,490,540,19751224,19780320,3,RIVALRY,PROTO
1103,490540,490,540,19941023,19970531,4,RIVALRY,PROTO
1104,490551,490,551,19710429,19940930,8,RIVALRY,ENDURING
1105,490552,490,552,19661017,19661017,1,ISOLATED,ISOLATED
1106,490560,490,560,19770426,19770426,1,ISOLATED,ISOLATED
1107,490620,490,620,19830703,19841013,1,ISOLATED,ISOLATED
1108,500501,500,501,19650515,19970228,12,RIVALRY,ENDURING
1109,500510,500,510,19710127,19790603,5,RIVALRY,PROTO
1110,500517,500,517,19710707,19710816,1,ISOLATED,ISOLATED
1111,500517,500,517,19910127,20011030,7,RIVALRY,PROTO
1112,500540,500,540,19980819,20010603,1,ISOLATED,ISOLATED
1113,500551,500,551,19730129,19750907,2,ISOLATED,ISOLATED
1114,500552,500,552,19980823,20010630,2,ISOLATED,ISOLATED
1115,500565,500,565,19980819,20010630,2,ISOLATED,ISOLATED
1116,500600,500,600,19770428,19770522,1,ISOLATED,ISOLATED
11117,500625,500,625,19680514,20011030,13,RIVALRY,ENDURING
1119,500651,500,651,19770428,19770525,1,ISOLATED,ISOLATED
1120,500666,500,666,19760705,19760705,1,ISOLATED,ISOLATED
1121,501510,501,510,19770204,19770214,1,ISOLATED,ISOLATED
1122,501520,501,520,19631229,19890920,4,RIVALRY,PROTO
1123,501530,501,530,19990116,19990116,2,ISOLATED,ISOLATED
1124,501651,501,651,19780215,19780217,1,ISOLATED,ISOLATED
1125,510516,510,516,19730315,19730722,2,ISOLATED,ISOLATED
1126,510516,510,516,19950615,20000531,6,RIVALRY,PROTO
1127,510552,510,552,19770807,19790807,1,ISOLATED,ISOLATED
1128,510560,510,560,19770807,19770807,1,ISOLATED,ISOLATED
1129,510620,510,620,19720922,19790603,2,ISOLATED,ISOLATED
1130,516517,516,517,19640122,19730629,3,RIVALRY,PROTO
1131,517540,517,540,19980819,20010603,1,ISOLATED,ISOLATED
1132,517552,517,552,19980823,20010630,2,ISOLATED,ISOLATED
1133,517565,517,565,19980819,20010630,2,ISOLATED,ISOLATED
1134,520530,520,530,19600814,19851022,16,RIVALRY,ENDURING
1135,520552,520,552,19661017,19661017,1,ISOLATED,ISOLATED
1136,520620,520,620,19811109,19811206,1,ISOLATED,ISOLATED
1137,522531,522,531,19951200,19981231,4,RIVALRY,PROTO
1138,522680,522,680,19860816,19860816,1,ISOLATED,ISOLATED
1139,530531,530,531,19980506,20001200,2,ISOLATED,ISOLATED
1140,530625,530,625,19670702,19970113,12,RIVALRY,ENDURING
1141,530710,530,710,19510501,19530727,1,ISOLATED,ISOLATED
1142,530731,530,731,19510501,19530727,1,ISOLATED,ISOLATED
1143,530740,530,740,19421214,19430614,1,ISOLATED,ISOLATED
1144,531625,531,625,19941100,19990131,4,RIVALRY,PROTO
1145,531679,531,679,19951113,19990821,6,RIVALRY,PROTO
1146,540551,540,551,19760128,19760930,1,ISOLATED,ISOLATED
1147,540551,540,551,20010107,20011200,2,ISOLATED,ISOLATED
1148,540552,540,552,19790226,19790226,1,ISOLATED,ISOLATED
1149,540560,540,560,19751111,19880830,1,ISOLATED,ISOLATED
1150,540571,540,571,19880808,19880808,1,ISOLATED,ISOLATED
1151,540600,540,600,19770416,19780201,2,ISOLATED,ISOLATED
1152,540651,540,651,19770428,19770525,1,ISOLATED,ISOLATED
1153,541552,541,552,19751009,19771127,1,ISOLATED,ISOLATED
1154,541553,541,553,19860915,19860915,1,ISOLATED,ISOLATED
1155,541560,541,560,19830412,19871227,3,RIVALRY,PROTO
1156,541572,541,572,19940120,19940120,2,ISOLATED,ISOLATED
1157,551552,551,552,19651111,19791221,8,RIVALRY,PROTO
1158,551553,551,553,19860915,19860915,1,ISOLATED,ISOLATED
1159,551560,551,560,19680406,19870425,11,RIVALRY,PROTO
1160,552553,552,553,19860915,19860915,1,ISOLATED,ISOLATED
1161,552560,552,560,19860519,19880214,2,ISOLATED,ISOLATED
1162,552571,552,571,19690301,19790810,7,RIVALRY,PROTO
1163,552580,552,580,19661017,19661017,1,ISOLATED,ISOLATED
1164,560570,560,570,19821209,19830327,1,ISOLATED,ISOLATED
1165,560570,560,570,19940907,19941216,4,RIVALRY,PROTO
1166,560571,560,571,19840826,19880721,5,RIVALRY,PROTO
1167,560572,560,572,19860819,19881030,2,ISOLATED,ISOLATED
1168,560740,560,740,19410307,19450814,1,ISOLATED,ISOLATED
1169,565571,565,571,19971022,19980420,2,ISOLATED,ISOLATED
1170,600615,600,615,19620702,19840615,6,RIVALRY,ENDURING
1171,600645,600,645,19900811,19910303,1,ISOLATED,ISOLATED
1173,615666,615,666,19680723,19701014,2,ISOLATED,ISOLATED
1174,616620,616,620,19770520,19850822,4,RIVALRY,PROTO
1175,616645,616,645,19610910,19620228,1,ISOLATED,ISOLATED
1176,616666,616,666,19851001,19851001,1,ISOLATED,ISOLATED
1177,620625,620,625,19720920,19840331,6,RIVALRY,PROTO
1178,620651,620,651,19750804,19851202,10,RIVALRY,PROTO
1180,620666,620,666,19730221,19730221,1,ISOLATED,ISOLATED
1181,620666,620,666,19860204,19860204,1,ISOLATED,ISOLATED
1182,620698,620,698,19811109,19811206,1,ISOLATED,ISOLATED
1183,625645,625,645,19610910,19620228,1,ISOLATED,ISOLATED
1184,625651,625,651,19580201,19580225,1,ISOLATED,ISOLATED
1185,625651,625,651,19910201,19960331,9,RIVALRY,PROTO
1186,630640,630,640,19070805,19170320,2,ISOLATED,ISOLATED
1187,630640,630,640,19810921,20010825,12,RIVALRY,PROTO
11189,630645,630,645,19341201,19990610,31,RIVALRY,ENDURING
1190,630651,630,651,19930311,19930311,2,ISOLATED,ISOLATED
1191,630670,630,670,19840426,19880424,7,RIVALRY,PROTO
1192,630680,630,680,19761125,19761125,1,ISOLATED,ISOLATED
11193,630690,630,690,19801113,19880520,9,ISOLATED,ISOLATED
11194,630692,630,692,19840529,19880419,3,ISOLATED,ISOLATED
11195,630694,630,694,19840529,19870522,3,ISOLATED,ISOLATED
11196,630696,630,696,19840529,19880419,4,ISOLATED,ISOLATED
21196,630696,630,696,19920415,19920418,1,ISOLATED,ISOLATED
1197,630698,630,698,19840529,19840701,1,ISOLATED,ISOLATED
1198,630700,630,700,19341215,19341215,1,ISOLATED,ISOLATED
1199,630700,630,700,19790318,19990516,10,RIVALRY,PROTO
1201,630740,630,740,19450301,19450814,1,ISOLATED,ISOLATED
1202,630740,630,740,19870903,19880518,2,ISOLATED,ISOLATED
11208,640645,640,645,19580715,20010826,21,RIVALRY,ENDURING
1210,640651,640,651,19571013,19590804,2,ISOLATED,ISOLATED
11212,640652,640,652,19550326,19981119,14,RIVALRY,ENDURING
1214,640666,640,666,19760810,19760810,1,ISOLATED,ISOLATED
1215,640700,640,700,20011007,20011115,2,ISOLATED,ISOLATED
1216,640710,640,710,19501018,19530727,1,ISOLATED,ISOLATED
1217,640731,640,731,19501018,19530727,1,ISOLATED,ISOLATED
1219,645651,645,651,19590310,19620228,3,RIVALRY,PROTO
1220,645651,645,651,19900811,19991022,3,RIVALRY,PROTO
1221,645652,645,652,19570417,19570526,1,ISOLATED,ISOLATED
1222,645652,645,652,19760606,19910303,4,RIVALRY,PROTO
1223,645663,645,663,19490615,19490814,1,ISOLATED,ISOLATED
1224,645663,645,663,19610910,19700926,2,ISOLATED,ISOLATED
1225,645663,645,663,19991022,19991022,2,ISOLATED,ISOLATED
11227,645666,645,666,19480514,19981220,10,RIVALRY,ENDURING
11229,645670,645,670,19610701,20010824,7,RIVALRY,ENDURING
1230,645690,645,690,19610625,20010331,25,RIVALRY,ENDURING
1231,645692,645,692,19860826,19941020,4,RIVALRY,PROTO
1232,645694,645,694,19910122,19910303,1,ISOLATED,ISOLATED
1233,645696,645,696,19900716,19991022,5,RIVALRY,PROTO
1234,645698,645,698,19910224,19941020,3,RIVALRY,PROTO
1236,645740,645,740,19430116,19450906,1,ISOLATED,ISOLATED
1237,645740,645,740,19910124,19910124,1,ISOLATED,ISOLATED
1239,645770,645,770,19730210,19730210,1,ISOLATED,ISOLATED
1240,645770,645,770,19900901,19910303,1,ISOLATED,ISOLATED
1241,645771,645,771,19900901,19910303,1,ISOLATED,ISOLATED
1243,645900,645,900,19900909,19910303,1,ISOLATED,ISOLATED
1244,651663,651,663,19480601,19621222,6,RIVALRY,PROTO
1246,651666,651,666,19480514,19890603,36,RIVALRY,ENDURING
1247,651670,651,670,19621001,19670514,6,RIVALRY,PROTO
1248,651740,651,740,19450224,19450814,1,ISOLATED,ISOLATED
1249,652660,652,660,19490519,19490814,1,ISOLATED,ISOLATED
1250,652660,652,660,19630205,19691113,3,RIVALRY,PROTO
1251,652663,652,663,19490426,19820224,8,RIVALRY,ENDURING
1252,652666,652,666,19480514,20010701,51,RIVALRY,ENDURING
1253,660666,660,666,19480514,20011231,8,RIVALRY,ENDURING
1255,663666,663,666,19480514,19731024,13,RIVALRY,ENDURING
1256,663666,663,666,19900504,19910303,1,ISOLATED,ISOLATED
1257,663670,663,670,19560107,19560110,1,ISOLATED,ISOLATED
1259,663678,663,678,19621021,19621222,1,ISOLATED,ISOLATED
1268,666670,666,670,19570112,19811109,6,RIVALRY,ENDURING
1269,666690,666,690,19670517,19670610,1,ISOLATED,ISOLATED
1270,670678,670,678,19310101,19340623,3,RIVALRY,PROTO
1271,670678,670,678,19621005,19800215,5,RIVALRY,PROTO
1272,670679,670,679,19941023,19980719,4,RIVALRY,PROTO
1273,670680,670,680,19691126,19691212,1,ISOLATED,ISOLATED
1274,670694,670,694,19920930,19950628,3,RIVALRY,PROTO
1275,670740,670,740,19430909,19430909,1,ISOLATED,ISOLATED
1276,678680,678,680,19711025,19790317,2,ISOLATED,ISOLATED
1277,678698,678,698,19800519,19871011,2,ISOLATED,ISOLATED
1278,680698,680,698,19720506,19821207,4,RIVALRY,PROTO
1279,692694,692,694,19860426,19860615,1,ISOLATED,ISOLATED
1280,700701,700,701,19930303,19930807,2,ISOLATED,ISOLATED
1281,700702,700,702,19930303,20011010,8,RIVALRY,PROTO
1282,700703,700,703,19930303,19970531,4,RIVALRY,PROTO
1283,700704,700,704,19930303,20011031,10,RIVALRY,PROTO
1284,700705,700,705,19930303,19931007,2,ISOLATED,ISOLATED
1285,700770,700,770,19490301,20011031,13,RIVALRY,ENDURING
1286,700900,700,900,20011007,20011115,2,ISOLATED,ISOLATED
1287,702704,702,704,19990815,19991003,2,ISOLATED,ISOLATED
1288,703704,703,704,19991029,19991031,2,ISOLATED,ISOLATED
1289,710712,710,712,19430901,19480231,2,ISOLATED,ISOLATED
1290,710712,710,712,19741201,19741231,1,ISOLATED,ISOLATED
1291,710712,710,712,19991013,19991013,2,ISOLATED,ISOLATED
11292,710713,710,713,19491001,20010831,27,RIVALRY,ENDURING
1294,710731,710,731,19930100,19971025,6,RIVALRY,PROTO
1295,710732,710,732,19500930,19941031,11,RIVALRY,ENDURING
1296,710740,710,740,18730601,19580507,34,RIVALRY,ENDURING
11298,710740,710,740,19780413,19990715,7,RIVALRY,ENDURING
1299,710750,710,750,19501116,19870604,22,RIVALRY,ENDURING
1300,710770,710,770,19550201,19550201,1,ISOLATED,ISOLATED
1301,710775,710,775,19560730,19691107,3,RIVALRY,PROTO
1302,710790,710,790,19560214,19600801,3,RIVALRY,PROTO
1303,710800,710,800,19510120,19711231,5,RIVALRY,PROTO
1304,710811,710,811,19700313,19711231,1,ISOLATED,ISOLATED
1305,710812,710,812,19610402,19790315,3,RIVALRY,PROTO
1306,710816,710,816,19751123,19980930,17,RIVALRY,ENDURING
1307,710817,710,817,19560830,19740204,8,RIVALRY,PROTO
1308,710820,710,820,19830904,19840304,1,ISOLATED,ISOLATED
1309,710840,710,840,19500930,20010531,12,RIVALRY,ENDURING
1310,710850,710,850,19960902,19960930,2,ISOLATED,ISOLATED
1311,710900,710,900,19500930,19711231,3,RIVALRY,PROTO
1312,710920,710,920,19500930,19710631,3,RIVALRY,PROTO
1313,712740,712,740,19350108,19450814,4,RIVALRY,PROTO
1314,713731,713,731,19550107,19551107,1,ISOLATED,ISOLATED
1315,713740,713,740,19551229,19551229,1,ISOLATED,ISOLATED
1316,713740,713,740,19950108,19960906,4,RIVALRY,PROTO
1317,713775,713,775,19500101,19531029,2,ISOLATED,ISOLATED
1318,713816,713,816,19940416,19950325,4,RIVALRY,PROTO
1319,713817,713,817,19650425,19740204,3,RIVALRY,PROTO
1320,713840,713,840,19561004,19611126,2,ISOLATED,ISOLATED
1321,713840,713,840,19940416,19940428,2,ISOLATED,ISOLATED
1322,730740,730,740,18940605,18940723,1,ISOLATED,ISOLATED
1323,731732,731,732,19490505,20011127,32,RIVALRY,ENDURING
1324,731740,731,740,19940326,20011222,12,RIVALRY,PROTO
1325,731800,731,800,19510120,19530727,1,ISOLATED,ISOLATED
1326,731840,731,840,19500916,19530727,1,ISOLATED,ISOLATED
1327,731900,731,900,19500701,19530727,1,ISOLATED,ISOLATED
1328,731900,731,900,19940610,19940617,2,ISOLATED,ISOLATED
1329,731920,731,920,19500629,19530727,1,ISOLATED,ISOLATED
1330,732740,732,740,19530203,19990219,19,RIVALRY,ENDURING
1331,732811,732,811,19670224,19670224,1,ISOLATED,ISOLATED
1332,732816,732,816,19650108,19730128,1,ISOLATED,ISOLATED
1333,740800,740,800,19400729,19411208,2,ISOLATED,ISOLATED
1334,740840,740,840,19820115,19820115,1,ISOLATED,ISOLATED
1335,740850,740,850,19631117,19650114,2,ISOLATED,ISOLATED
1336,740900,740,900,19410307,19450814,1,ISOLATED,ISOLATED
1337,740910,740,910,19881114,19881114,1,ISOLATED,ISOLATED
1338,740920,740,920,19410307,19450814,1,ISOLATED,ISOLATED
1339,750770,750,770,19470922,20011231,46,RIVALRY,ENDURING
1340,750771,750,771,19760419,20010430,12,RIVALRY,ENDURING
1341,750775,750,775,19570920,19570920,1,ISOLATED,ISOLATED
1342,750780,750,780,19841217,19920317,4,RIVALRY,PROTO
1343,750790,750,790,19620401,19690931,4,RIVALRY,PROTO
1344,750910,750,910,19920531,19920531,1,ISOLATED,ISOLATED
1345,770775,770,775,19590829,19590829,1,ISOLATED,ISOLATED
1346,771775,771,775,19911221,19911221,1,ISOLATED,ISOLATED
1349,800811,800,811,19531101,19980502,18,RIVALRY,ENDURING
1350,800812,800,812,19600825,19880219,13,RIVALRY,ENDURING
1351,800816,800,816,19610420,19950531,8,RIVALRY,ENDURING
1352,800900,800,900,19420125,19450831,1,ISOLATED,ISOLATED
1353,811812,811,812,19770501,19771002,1,ISOLATED,ISOLATED
1354,811816,811,816,19690328,19790107,4,RIVALRY,PROTO
1355,811816,811,816,19960124,19960130,2,ISOLATED,ISOLATED
1356,811817,811,817,19560201,19670224,9,RIVALRY,PROTO
1357,811840,811,840,19680501,19680709,1,ISOLATED,ISOLATED
1358,812816,812,816,19581205,19730215,4,RIVALRY,PROTO
11359,816817,816,817,19601108,19750430,2,RIVALRY,PROTO
1360,816820,816,820,19830904,19840304,1,ISOLATED,ISOLATED
1361,816840,816,840,19661001,19730128,1,ISOLATED,ISOLATED
1362,816840,816,840,19980800,19991030,4,RIVALRY,PROTO
1363,816850,816,850,19800923,19800923,1,ISOLATED,ISOLATED
1364,816900,816,900,19640808,19721220,1,ISOLATED,ISOLATED
1365,816920,816,920,19650524,19710631,1,ISOLATED,ISOLATED
1366,817840,817,840,19740131,19740204,1,ISOLATED,ISOLATED
1367,820830,820,830,19920429,19920604,1,ISOLATED,ISOLATED
1368,820840,820,840,19680404,19880818,5,RIVALRY,PROTO
1369,820850,820,850,19630211,19651114,3,RIVALRY,PROTO
1370,840986,840,986,20000704,20000704,2,ISOLATED,ISOLATED
1371,850900,850,900,19630901,19651114,1,ISOLATED,ISOLATED
1372,850900,850,900,19990912,19990926,2,ISOLATED,ISOLATED
1373,850910,850,910,19820526,19901029,4,RIVALRY,PROTO
1374,850920,850,920,20010728,20010728,2,ISOLATED,ISOLATED
1375,910940,910,940,19930305,19961129,4,RIVALRY,PROTO
